iter	Logloss
0	0.4020525274
1	0.356363389
